"","id","missed_votes","last_name","first_name","swing","combined_name","state","diff12"
"1",400257,414,"McCarthy","Carolyn",FALSE,"McCarthy, Carolyn","NY",NA
"2",412011,277,"Campbell","John",FALSE,"Campbell, John","CA",NA
"3",412486,264,"Herrera Beutler","Jaime",TRUE,"Herrera Beutler, Jaime","WA",-1.7
"4",400253,203,"Markey","Edward",FALSE,"Markey, Edward","MA",NA
"5",400350,183,"Rush","Bobby",FALSE,"Rush, Bobby","IL",NA
"6",400439,177,"Young","Bill",TRUE,"Young, Bill","FL",1.5
"7",412559,147,"Horsford","Steven",FALSE,"Horsford, Steven","NV",NA
"8",400184,134,"Holt","Rush",FALSE,"Holt, Rush","NJ",NA
"9",400277,108,"Miller","Gary",FALSE,"Miller, Gary","CA",NA
"10",400163,102,"Gutiérrez","Luis",FALSE,"Gutiérrez, Luis","IL",NA
"11",412518,87,"Negrete McLeod","Gloria",FALSE,"Negrete McLeod, Gloria","CA",NA
"12",400249,86,"Lynch","Stephen",FALSE,"Lynch, Stephen","MA",NA
"13",400440,84,"Young","Don",FALSE,"Young, Don","AK",NA
"14",400076,83,"Coble","Howard",FALSE,"Coble, Howard","NC",NA
"15",400308,81,"Pallone","Frank",FALSE,"Pallone, Frank","NJ",NA
"16",400162,79,"Grijalva","Raúl",FALSE,"Grijalva, Raúl","AZ",NA
"17",400278,69,"Miller","George",FALSE,"Miller, George","CA",NA
"18",400373,68,"Shimkus","John",FALSE,"Shimkus, John","IL",NA
"19",412283,66,"Hunter","Duncan",FALSE,"Hunter, Duncan","CA",NA
"20",400170,64,"Hastings","Alcee",FALSE,"Hastings, Alcee","FL",NA
"21",400641,64,"Higgins","Brian",FALSE,"Higgins, Brian","NY",NA
"22",400089,60,"Culberson","John",FALSE,"Culberson, John","TX",NA
"23",412432,59,"Richmond","Cedric",FALSE,"Richmond, Cedric","LA",NA
"24",400185,58,"Honda","Michael",FALSE,"Honda, Michael","CA",NA
"25",400179,57,"Hinojosa","Rubén",FALSE,"Hinojosa, Rubén","TX",NA
"26",400343,57,"Rohrabacher","Dana",FALSE,"Rohrabacher, Dana","CA",NA
"27",412451,55,"Grimm","Michael",TRUE,"Grimm, Michael","NY",4.3
"28",400108,54,"Diaz-Balart","Mario",TRUE,"Diaz-Balart, Mario","FL",-2.09999999999999
"29",400651,54,"Gohmert","Louie",FALSE,"Gohmert, Louie","TX",NA
"30",412404,54,"Bass","Karen",FALSE,"Bass, Karen","CA",NA
"31",400075,53,"Clyburn","James",FALSE,"Clyburn, James","SC",NA
"32",400314,53,"Pelosi","Nancy",FALSE,"Pelosi, Nancy","CA",NA
"33",412259,53,"Speier","Jackie",FALSE,"Speier, Jackie","CA",NA
"34",400232,51,"Larsen","Rick",FALSE,"Larsen, Rick","WA",NA
"35",400240,51,"Lewis","John",FALSE,"Lewis, John","GA",NA
"36",400291,51,"Neal","Richard",FALSE,"Neal, Richard","MA",NA
"37",400639,51,"Cleaver","Emanuel",FALSE,"Cleaver, Emanuel","MO",NA
"38",412286,49,"Kirkpatrick","Ann",TRUE,"Kirkpatrick, Ann","AZ",-2.5
"39",400356,48,"Sanchez","Loretta",FALSE,"Sanchez, Loretta","CA",NA
"40",412308,48,"Polis","Jared",FALSE,"Polis, Jared","CO",NA
"41",412186,47,"Sires","Albio",FALSE,"Sires, Albio","NJ",NA
"42",400101,45,"DeGette","Diana",FALSE,"DeGette, Diana","CO",NA
"43",400623,44,"Wasserman Schultz","Debbie",FALSE,"Wasserman Schultz, Debbie","FL",NA
"44",400627,44,"Westmoreland","Lynn",FALSE,"Westmoreland, Lynn","GA",NA
"45",412216,44,"Bachmann","Michele",FALSE,"Bachmann, Michele","MN",NA
"46",412397,44,"Gosar","Paul",FALSE,"Gosar, Paul","AZ",NA
"47",412426,44,"Rokita","Todd",FALSE,"Rokita, Todd","IN",NA
"48",400378,43,"Slaughter","Louise",FALSE,"Slaughter, Louise","NY",NA
"49",400310,41,"Pastor","Ed",FALSE,"Pastor, Ed","AZ",NA
"50",400647,41,"Schwartz","Allyson",FALSE,"Schwartz, Allyson","PA",NA
"51",400271,40,"Meeks","Gregory",FALSE,"Meeks, Gregory","NY",NA
"52",400379,40,"Smith","Adam",FALSE,"Smith, Adam","WA",NA
"53",400618,40,"Costa","Jim",FALSE,"Costa, Jim","CA",NA
"54",412517,40,"Cárdenas","Tony",FALSE,"Cárdenas, Tony","CA",NA
"55",400151,39,"Gingrey","Phil",FALSE,"Gingrey, Phil","GA",NA
"56",400048,38,"Brown","Corrine",FALSE,"Brown, Corrine","FL",NA
"57",400122,38,"Engel","Eliot",FALSE,"Engel, Eliot","NY",NA
"58",400209,38,"Jones","Walter",FALSE,"Jones, Walter","NC",NA
"59",400342,38,"Rogers","Mike",TRUE,"Rogers, Mike","MI",-3.1
"60",412551,38,"Pittenger","Robert",FALSE,"Pittenger, Robert","NC",NA
"61",400004,37,"Aderholt","Robert",FALSE,"Aderholt, Robert","AL",NA
"62",400344,37,"Ros-Lehtinen","Ileana",FALSE,"Ros-Lehtinen, Ileana","FL",NA
"63",412479,37,"Fincher","Stephen",FALSE,"Fincher, Stephen","TN",NA
"64",400199,36,"Jackson Lee","Sheila",FALSE,"Jackson Lee, Sheila","TX",NA
"65",412379,36,"Chu","Judy",FALSE,"Chu, Judy","CA",NA
"66",412560,36,"Meng","Grace",FALSE,"Meng, Grace","NY",NA
"67",400068,35,"Carter","John",FALSE,"Carter, John","TX",NA
"68",412254,35,"Tsongas","Niki",FALSE,"Tsongas, Niki","MA",NA
"69",412314,35,"Schock","Aaron",FALSE,"Schock, Aaron","IL",NA
"70",400077,34,"Cole","Tom",FALSE,"Cole, Tom","OK",NA
"71",400141,34,"Franks","Trent",FALSE,"Franks, Trent","AZ",NA
"72",400189,34,"Hoyer","Steny",FALSE,"Hoyer, Steny","MD",NA
"73",412195,34,"Castor","Kathy",FALSE,"Castor, Kathy","FL",NA
"74",412211,34,"Yarmuth","John",FALSE,"Yarmuth, John","KY",NA
"75",412399,34,"Schweikert","David",FALSE,"Schweikert, David","AZ",NA
"76",412454,34,"Hanna","Richard",TRUE,"Hanna, Richard","NY",-0.400000000000006
"77",412530,34,"Garcia","Joe",FALSE,"Garcia, Joe","FL",NA
"78",400038,33,"Bonner","Jo",FALSE,"NA, NA","AL",NA
"79",400110,33,"Dingell","John",FALSE,"Dingell, John","MI",NA
"80",400221,33,"Kingston","Jack",FALSE,"Kingston, Jack","GA",NA
"81",412219,33,"Shea-Porter","Carol",TRUE,"Shea-Porter, Carol","NH",1.6
"82",400661,31,"Moore","Gwen",FALSE,"Moore, Gwen","WI",NA
"83",400129,30,"Farr","Sam",FALSE,"Farr, Sam","CA",NA
"84",412419,30,"Labrador","Raúl",FALSE,"Labrador, Raúl","ID",NA
"85",412531,30,"Collins","Doug",FALSE,"Collins, Doug","GA",NA
"86",400074,29,"Clay","Wm.",FALSE,"Clay, Wm.","MO",NA
"87",400157,29,"Granger","Kay",FALSE,"Granger, Kay","TX",NA
"88",400333,29,"Rangel","Charles",FALSE,"Rangel, Charles","NY",NA
"89",412192,29,"Perlmutter","Ed",FALSE,"Perlmutter, Ed","CO",NA
"90",412410,29,"Webster","Daniel",FALSE,"Webster, Daniel","FL",NA
"91",400130,28,"Fattah","Chaka",FALSE,"Fattah, Chaka","PA",NA
"92",400158,28,"Graves","Sam",FALSE,"Graves, Sam","MO",NA
"93",400251,28,"Maloney","Carolyn",FALSE,"Maloney, Carolyn","NY",NA
"94",400652,28,"Poe","Ted",FALSE,"Poe, Ted","TX",NA
"95",400656,28,"Marchant","Kenny",FALSE,"Marchant, Kenny","TX",NA
"96",412509,28,"Sinema","Kyrsten",TRUE,"Sinema, Kyrsten","AZ",4.5
"97",400080,27,"Conyers","John",FALSE,"Conyers, John","MI",NA
"98",400093,27,"Davis","Danny",FALSE,"Davis, Danny","IL",NA
"99",400289,27,"Nadler","Jerrold",FALSE,"Nadler, Jerrold","NY",NA
"100",412212,27,"Sarbanes","John",FALSE,"Sarbanes, John","MD",NA
"101",412221,27,"Clarke","Yvette",FALSE,"Clarke, Yvette","NY",NA
"102",400086,26,"Crenshaw","Ander",FALSE,"Crenshaw, Ander","FL",NA
"103",400283,26,"Moran","James",FALSE,"Moran, James","VA",NA
"104",400422,26,"Waters","Maxine",FALSE,"Waters, Maxine","CA",NA
"105",400425,26,"Waxman","Henry",FALSE,"Waxman, Henry","CA",NA
"106",400616,26,"Butterfield","George",FALSE,"Butterfield, George","NC",NA
"107",412327,26,"Fudge","Marcia",FALSE,"Fudge, Marcia","OH",NA
"108",412409,26,"Nugent","Richard",FALSE,"Nugent, Richard","FL",NA
"109",412502,26,"Barber","Ron",TRUE,"Barber, Ron","AZ",-1.5
"110",400018,25,"Barton","Joe",FALSE,"Barton, Joe","TX",NA
"111",400340,25,"Rogers","Harold",FALSE,"Rogers, Harold","KY",NA
"112",400606,25,"Salmon","Matt",FALSE,"Salmon, Matt","AZ",NA
"113",412196,25,"Buchanan","Vern",FALSE,"Buchanan, Vern","FL",NA
"114",412294,25,"Lummis","Cynthia",FALSE,"Lummis, Cynthia","WY",NA
"115",400416,24,"Velázquez","Nydia",FALSE,"Velázquez, Nydia","NY",NA
"116",400103,23,"DeLauro","Rosa",FALSE,"DeLauro, Rosa","CT",NA
"117",400206,23,"Johnson","Sam",FALSE,"Johnson, Sam","TX",NA
"118",400266,23,"McIntyre","Mike",FALSE,"McIntyre, Mike","NC",NA
"119",400279,23,"Miller","Jeff",FALSE,"Miller, Jeff","FL",NA
"120",400290,23,"Napolitano","Grace",FALSE,"Napolitano, Grace","CA",NA
"121",400297,23,"Nunes","Devin",FALSE,"Nunes, Devin","CA",NA
"122",400407,23,"Tierney","John",FALSE,"Tierney, John","MA",NA
"123",400417,23,"Visclosky","Peter",FALSE,"Visclosky, Peter","IN",NA
"124",412199,23,"Johnson","Henry",FALSE,"Johnson, Henry","GA",NA
"125",412506,23,"Payne","Donald",FALSE,"Payne, Donald","NJ",NA
"126",400032,22,"Blackburn","Marsha",FALSE,"Blackburn, Marsha","TN",NA
"127",400230,22,"Langevin","James",FALSE,"Langevin, James","RI",NA
"128",400424,22,"Watt","Melvin",FALSE,"Watt, Melvin","NC",NA
"129",412263,22,"Edwards","Donna",FALSE,"Edwards, Donna","MD",NA
"130",412331,22,"Quigley","Mike",FALSE,"Quigley, Mike","IL",NA
"131",412435,22,"Keating","William",FALSE,"Keating, William","MA",NA
"132",412469,22,"Barletta","Lou",FALSE,"Barletta, Lou","PA",NA
"133",412561,22,"Jeffries","Hakeem",FALSE,"Jeffries, Hakeem","NY",NA
"134",400029,21,"Bishop","Rob",FALSE,"Bishop, Rob","UT",NA
"135",400063,21,"Capuano","Michael",FALSE,"Capuano, Michael","MA",NA
"136",400137,21,"Forbes","J.",TRUE,"Forbes, J.","VA",-1.3
"137",400211,21,"Kaptur","Marcy",FALSE,"Kaptur, Marcy","OH",NA
"138",400218,21,"Kind","Ron",FALSE,"Kind, Ron","WI",NA
"139",400341,21,"Rogers","Mike",FALSE,"Rogers, Mike","AL",NA
"140",412500,21,"Amodei","Mark",FALSE,"Amodei, Mark","NV",NA
"141",400247,20,"Lucas","Frank",FALSE,"Lucas, Frank","OK",NA
"142",400380,20,"Smith","Christopher",FALSE,"Smith, Christopher","NJ",NA
"143",400659,20,"McMorris Rodgers","Cathy",FALSE,"McMorris Rodgers, Cathy","WA",NA
"144",412385,20,"Deutch","Theodore",FALSE,"Deutch, Theodore","FL",NA
"145",400309,19,"Pascrell","Bill",FALSE,"Pascrell, Bill","NJ",NA
"146",400363,19,"Scott","David",FALSE,"Scott, David","GA",NA
"147",400630,19,"Lipinski","Daniel",FALSE,"Lipinski, Daniel","IL",NA
"148",400654,19,"McCaul","Michael",FALSE,"McCaul, Michael","TX",NA
"149",412252,19,"Broun","Paul",FALSE,"Broun, Paul","GA",NA
"150",412443,19,"Palazzo","Steven",FALSE,"Palazzo, Steven","MS",NA
"151",412555,19,"Cramer","Kevin",FALSE,"Cramer, Kevin","ND",NA
"152",400097,18,"Davis","Susan",FALSE,"Davis, Susan","CA",NA
"153",400220,18,"King","Steve",FALSE,"King, Steve","IA",NA
"154",400237,18,"Lee","Barbara",FALSE,"Lee, Barbara","CA",NA
"155",400349,18,"Ruppersberger","C.",FALSE,"Ruppersberger, C.","MD",NA
"156",412307,18,"Pingree","Chellie",FALSE,"Pingree, Chellie","ME",NA
"157",412537,18,"Bustos","Cheri",FALSE,"Bustos, Cheri","IL",NA
"158",412584,18,"Heck","Denny",FALSE,"Heck, Denny","WA",NA
"159",400052,17,"Burgess","Michael",FALSE,"Burgess, Michael","TX",NA
"160",400090,17,"Cummings","Elijah",FALSE,"Cummings, Elijah","MD",NA
"161",400376,17,"Simpson","Michael",FALSE,"Simpson, Michael","ID",NA
"162",400402,17,"Thompson","Bennie",FALSE,"Thompson, Bennie","MS",NA
"163",412208,17,"Braley","Bruce",FALSE,"Braley, Bruce","IA",NA
"164",412405,17,"Tipton","Scott",FALSE,"Tipton, Scott","CO",NA
"165",412418,17,"Hanabusa","Colleen",FALSE,"Hanabusa, Colleen","HI",NA
"166",412532,17,"Gabbard","Tulsi",FALSE,"Gabbard, Tulsi","HI",NA
"167",400030,16,"Bishop","Sanford",FALSE,"Bishop, Sanford","GA",NA
"168",400046,16,"Brady","Kevin",FALSE,"Brady, Kevin","TX",NA
"169",400060,16,"Cantor","Eric",FALSE,"Cantor, Eric","VA",NA
"170",412236,16,"Cohen","Steve",FALSE,"Cohen, Steve","TN",NA
"171",412276,16,"Grayson","Alan",FALSE,"Grayson, Alan","FL",NA
"172",412392,16,"Stutzman","Marlin",FALSE,"Stutzman, Marlin","IN",NA
"173",412400,16,"Crawford","Eric",FALSE,"Crawford, Eric","AR",NA
"174",412480,16,"Flores","Bill",FALSE,"Flores, Bill","TX",NA
"175",412529,16,"Frankel","Lois",FALSE,"Frankel, Lois","FL",NA
"176",412550,16,"Hudson","Richard",FALSE,"Hudson, Richard","NC",NA
"177",400021,15,"Becerra","Xavier",FALSE,"Becerra, Xavier","CA",NA
"178",400114,15,"Doyle","Michael",FALSE,"Doyle, Michael","PA",NA
"179",400262,15,"McDermott","Jim",FALSE,"McDermott, Jim","WA",NA
"180",400347,15,"Roybal-Allard","Lucille",FALSE,"Roybal-Allard, Lucille","CA",NA
"181",400365,15,"Sensenbrenner","F.",FALSE,"Sensenbrenner, F.","WI",NA
"182",400640,15,"Fortenberry","Jeff",FALSE,"Fortenberry, Jeff","NE",NA
"183",400644,15,"McHenry","Patrick",FALSE,"McHenry, Patrick","NC",NA
"184",412470,15,"Cicilline","David",FALSE,"Cicilline, David","RI",NA
"185",412475,15,"Noem","Kristi",FALSE,"Noem, Kristi","SD",NA
"186",412522,15,"Vargas","Juan",FALSE,"Vargas, Juan","CA",NA
"187",400124,14,"Eshoo","Anna",FALSE,"Eshoo, Anna","CA",NA
"188",400219,14,"King","Peter",TRUE,"King, Peter","NY",4.4
"189",400267,14,"McKeon","Howard",TRUE,"McKeon, Howard","CA",-1.9
"190",400431,14,"Whitfield","Ed",FALSE,"Whitfield, Ed","KY",NA
"191",412191,14,"Lamborn","Doug",FALSE,"Lamborn, Doug","CO",NA
"192",412215,14,"Ellison","Keith",FALSE,"Ellison, Keith","MN",NA
"193",412269,14,"Cassidy","Bill",FALSE,"Cassidy, Bill","LA",NA
"194",412536,14,"Davis","Rodney",TRUE,"Davis, Rodney","IL",-0.299999999999997
"195",412543,14,"Kennedy","Joseph",FALSE,"Kennedy, Joseph","MA",NA
"196",412553,14,"Holding","George",FALSE,"Holding, George","NC",NA
"197",412577,14,"Gallego","Pete",TRUE,"Gallego, Pete","TX",-2.6
"198",400081,13,"Cooper","Jim",FALSE,"Cooper, Jim","TN",NA
"199",400100,13,"DeFazio","Peter",FALSE,"DeFazio, Peter","OR",NA
"200",400121,13,"Emerson","Jo Ann",FALSE,"NA, NA","MO",NA
"201",400313,13,"Pearce","Stevan",FALSE,"Pearce, Stevan","NM",NA
"202",400406,13,"Tiberi","Patrick",FALSE,"Tiberi, Patrick","OH",NA
"203",412213,13,"Walberg","Tim",TRUE,"Walberg, Tim","MI",-3.1
"204",412533,13,"Duckworth","Tammy",FALSE,"Duckworth, Tammy","IL",NA
"205",400006,12,"Alexander","Rodney",FALSE,"NA, NA","LA",NA
"206",400033,12,"Blumenauer","Earl",FALSE,"Blumenauer, Earl","OR",NA
"207",400160,12,"Green","Gene",FALSE,"Green, Gene","TX",NA
"208",400233,12,"Larson","John",FALSE,"Larson, John","CT",NA
"209",412217,12,"Smith","Adrian",FALSE,"Smith, Adrian","NE",NA
"210",412250,12,"Bilirakis","Gus",FALSE,"Bilirakis, Gus","FL",NA
"211",412393,12,"Reed","Tom",TRUE,"Reed, Tom","NY",-1.2
"212",412488,12,"Duffy","Sean",TRUE,"Duffy, Sean","WI",-3.1
"213",412511,12,"Huffman","Jared",FALSE,"Huffman, Jared","CA",NA
"214",412527,12,"Murphy","Patrick",TRUE,"Murphy, Patrick","FL",-4.1
"215",412528,12,"Radel","Trey",FALSE,"Radel, Trey","FL",NA
"216",412548,12,"Wagner","Ann",FALSE,"Wagner, Ann","MO",NA
"217",400047,11,"Brady","Robert",FALSE,"Brady, Robert","PA",NA
"218",400111,11,"Doggett","Lloyd",FALSE,"Doggett, Lloyd","TX",NA
"219",400154,11,"Goodlatte","Bob",FALSE,"Goodlatte, Bob","VA",NA
"220",400165,11,"Hall","Ralph",FALSE,"Hall, Ralph","TX",NA
"221",400320,11,"Pitts","Joseph",FALSE,"Pitts, Joseph","PA",NA
"222",400435,11,"Wolf","Frank",TRUE,"Wolf, Frank","VA",-1.1
"223",400653,11,"Green","Al",FALSE,"Green, Al","TX",NA
"224",408211,11,"Nolan","Richard",FALSE,"Nolan, Richard","MN",NA
"225",412226,11,"Jordan","Jim",FALSE,"Jordan, Jim","OH",NA
"226",412239,11,"Welch","Peter",FALSE,"Welch, Peter","VT",NA
"227",412282,11,"Himes","James",FALSE,"Himes, James","CT",NA
"228",412412,11,"Wilson","Frederica",FALSE,"Wilson, Frederica","FL",NA
"229",412444,11,"Hartzler","Vicky",FALSE,"Hartzler, Vicky","MO",NA
"230",412463,11,"Gibbs","Bob",FALSE,"Gibbs, Bob","OH",NA
"231",412473,11,"Gowdy","Trey",FALSE,"Gowdy, Trey","SC",NA
"232",400147,10,"Gerlach","Jim",TRUE,"Gerlach, Jim","PA",-2.5
"233",400204,10,"Johnson","Eddie",FALSE,"Johnson, Eddie","TX",NA
"234",400348,10,"Royce","Edward",TRUE,"Royce, Edward","CA",-3.7
"235",400352,10,"Ryan","Tim",FALSE,"Ryan, Tim","OH",NA
"236",400360,10,"Schakowsky","Janice",FALSE,"Schakowsky, Janice","IL",NA
"237",400403,10,"Thompson","Mike",FALSE,"Thompson, Mike","CA",NA
"238",412193,10,"Courtney","Joe",FALSE,"Courtney, Joe","CT",NA
"239",412261,10,"Scalise","Steve",FALSE,"Scalise, Steve","LA",NA
"240",412305,10,"Peters","Gary",FALSE,"Peters, Gary","MI",NA
"241",412315,10,"Schrader","Kurt",TRUE,"Schrader, Kurt","OR",3.4
"242",412396,10,"Sewell","Terri",FALSE,"Sewell, Terri","AL",NA
"243",412544,10,"Delaney","John",FALSE,"Delaney, John","MD",NA
"244",412552,10,"Meadows","Mark",FALSE,"Meadows, Mark","NC",NA
"245",412557,10,"Kuster","Ann",FALSE,"Kuster, Ann","NH",NA
"246",400263,9,"McGovern","James",FALSE,"McGovern, James","MA",NA
"247",400415,9,"Van Hollen","Chris",FALSE,"Van Hollen, Chris","MD",NA
"248",400607,9,"Sanford","Marshall",FALSE,"Sanford, Marshall","SC",NA
"249",412189,9,"McNerney","Jerry",FALSE,"McNerney, Jerry","CA",NA
"250",412297,9,"Maffei","Daniel",FALSE,"Maffei, Daniel","NY",NA
"251",412311,9,"Rooney","Thomas",FALSE,"Rooney, Thomas","FL",NA
"252",412417,9,"Scott","Austin",FALSE,"Scott, Austin","GA",NA
"253",412427,9,"Bucshon","Larry",FALSE,"Bucshon, Larry","IN",NA
"254",412429,9,"Huelskamp","Tim",FALSE,"Huelskamp, Tim","KS",NA
"255",412431,9,"Pompeo","Mike",FALSE,"Pompeo, Mike","KS",NA
"256",412457,9,"Ellmers","Renee",FALSE,"Ellmers, Renee","NC",NA
"257",412461,9,"Stivers","Steve",FALSE,"Stivers, Steve","OH",NA
"258",412476,9,"Fleischmann","Charles",FALSE,"Fleischmann, Charles","TN",NA
"259",412477,9,"DesJarlais","Scott",FALSE,"DesJarlais, Scott","TN",NA
"260",412523,9,"Peters","Scott",FALSE,"Peters, Scott","CA",NA
"261",412564,9,"Wenstrup","Brad",FALSE,"Wenstrup, Brad","OH",NA
"262",412565,9,"Beatty","Joyce",FALSE,"Beatty, Joyce","OH",NA
"263",400361,8,"Schiff","Adam",FALSE,"Schiff, Adam","CA",NA
"264",400367,8,"Sessions","Pete",FALSE,"Sessions, Pete","TX",NA
"265",400663,8,"Matsui","Doris",FALSE,"Matsui, Doris","CA",NA
"266",412202,8,"Roskam","Peter",FALSE,"Roskam, Peter","IL",NA
"267",412302,8,"Olson","Pete",FALSE,"Olson, Pete","TX",NA
"268",412310,8,"Roe","David",FALSE,"Roe, David","TN",NA
"269",412382,8,"Garamendi","John",FALSE,"Garamendi, John","CA",NA
"270",412407,8,"Carney","John",FALSE,"Carney, John","DE",NA
"271",412442,8,"Nunnelee","Alan",FALSE,"Nunnelee, Alan","MS",NA
"272",412519,8,"Ruiz","Raul",TRUE,"Ruiz, Raul","CA",3.2
"273",412538,8,"Walorski","Jackie",FALSE,"Walorski, Jackie","IN",NA
"274",412581,8,"Stewart","Chris",FALSE,"Stewart, Chris","UT",NA
"275",400245,7,"Lofgren","Zoe",FALSE,"Lofgren, Zoe","CA",NA
"276",400285,7,"Murphy","Tim",FALSE,"Murphy, Tim","PA",NA
"277",400371,7,"Sherman","Brad",FALSE,"Sherman, Brad","CA",NA
"278",400646,7,"Fitzpatrick","Michael",TRUE,"Fitzpatrick, Michael","PA",-0.100000000000001
"279",400655,7,"Conaway","K.",FALSE,"Conaway, K.","TX",NA
"280",409888,7,"Shuster","Bill",FALSE,"Shuster, Bill","PA",NA
"281",410396,7,"Stockman","Steve",FALSE,"Stockman, Steve","TX",NA
"282",412258,7,"Carson","André",FALSE,"Carson, André","IN",NA
"283",412388,7,"Graves","Tom",FALSE,"Graves, Tom","GA",NA
"284",412394,7,"Roby","Martha",FALSE,"Roby, Martha","AL",NA
"285",412406,7,"Gardner","Cory",FALSE,"Gardner, Cory","CO",NA
"286",412428,7,"Young","Todd",FALSE,"Young, Todd","IN",NA
"287",412430,7,"Yoder","Kevin",FALSE,"Yoder, Kevin","KS",NA
"288",412449,7,"Runyan","Jon",TRUE,"Runyan, Jon","NJ",4.59999999999999
"289",412468,7,"Marino","Tom",FALSE,"Marino, Tom","PA",NA
"290",412474,7,"Mulvaney","Mick",FALSE,"Mulvaney, Mick","SC",NA
"291",412483,7,"Rigell","E.",TRUE,"Rigell, E.","VA",1.5
"292",412484,7,"Hurt","Robert",FALSE,"Hurt, Robert","VA",NA
"293",412549,7,"Daines","Steve",FALSE,"Daines, Steve","MT",NA
"294",412563,7,"Collins","Chris",FALSE,"Collins, Chris","NY",NA
"295",412568,7,"Mullin","Markwayne",FALSE,"Mullin, Markwayne","OK",NA
"296",412576,7,"Castro","Joaquin",FALSE,"Castro, Joaquin","TX",NA
"297",412579,7,"Veasey","Marc",FALSE,"Veasey, Marc","TX",NA
"298",400010,6,"Bachus","Spencer",FALSE,"Bachus, Spencer","AL",NA
"299",400062,6,"Capps","Lois",FALSE,"Capps, Lois","CA",NA
"300",400355,6,"Sánchez","Linda",FALSE,"Sánchez, Linda","CA",NA
"301",400441,6,"Neugebauer","Randy",FALSE,"Neugebauer, Randy","TX",NA
"302",412209,6,"Loebsack","David",FALSE,"Loebsack, David","IA",NA
"303",412214,6,"Walz","Timothy",TRUE,"Walz, Timothy","MN",1.4
"304",412280,6,"Harper","Gregg",FALSE,"Harper, Gregg","MS",NA
"305",412524,6,"Esty","Elizabeth",FALSE,"Esty, Elizabeth","CT",NA
"306",412558,6,"Lujan Grisham","Michelle",FALSE,"Lujan Grisham, Michelle","NM",NA
"307",412562,6,"Maloney","Sean",TRUE,"Maloney, Sean","NY",4.3
"308",412578,6,"Williams","Roger",FALSE,"Williams, Roger","TX",NA
"309",412580,6,"Vela","Filemon",FALSE,"Vela, Filemon","TX",NA
"310",400116,5,"Duncan","John",FALSE,"Duncan, John","TN",NA
"311",400145,5,"Garrett","Scott",TRUE,"Garrett, Scott","NJ",-3.1
"312",400175,5,"Hensarling","Jeb",FALSE,"Hensarling, Jeb","TX",NA
"313",400195,5,"Israel","Steve",TRUE,"Israel, Steve","NY",2.59999999999999
"314",400196,5,"Issa","Darrell",FALSE,"Issa, Darrell","CA",NA
"315",400316,5,"Peterson","Collin",FALSE,"Peterson, Collin","MN",NA
"316",400331,5,"Rahall","Nick",FALSE,"Rahall, Nick","WV",NA
"317",400381,5,"Smith","Lamar",FALSE,"Smith, Lamar","TX",NA
"318",412257,5,"Foster","Bill",FALSE,"Foster, Bill","IL",NA
"319",412271,5,"Coffman","Mike",FALSE,"Coffman, Mike","CO",NA
"320",412272,5,"Connolly","Gerald",FALSE,"Connolly, Gerald","VA",NA
"321",412292,5,"Luetkemeyer","Blaine",FALSE,"Luetkemeyer, Blaine","MO",NA
"322",412383,5,"Owens","William",FALSE,"Owens, William","NY",NA
"323",412395,5,"Brooks","Mo",FALSE,"Brooks, Mo","AL",NA
"324",412453,5,"Gibson","Christopher",FALSE,"Gibson, Christopher","NY",NA
"325",412464,5,"Lankford","James",FALSE,"Lankford, James","OK",NA
"326",412508,5,"Cotton","Tom",FALSE,"Cotton, Tom","AR",NA
"327",412513,5,"Cook","Paul",FALSE,"Cook, Paul","CA",NA
"328",412535,5,"Enyart","William",TRUE,"Enyart, William","IL",1.5
"329",412540,5,"Messer","Luke",FALSE,"Messer, Luke","IN",NA
"330",412566,5,"Joyce","David",TRUE,"Joyce, David","OH",-3.3
"331",412569,5,"Perry","Scott",FALSE,"Perry, Scott","PA",NA
"332",412571,5,"Cartwright","Matthew",FALSE,"Cartwright, Matthew","PA",NA
"333",412572,5,"Rice","Tom",FALSE,"Rice, Tom","SC",NA
"334",412574,5,"Weber","Randy",FALSE,"Weber, Randy","TX",NA
"335",400008,4,"Andrews","Robert",FALSE,"Andrews, Robert","NJ",NA
"336",400057,4,"Calvert","Ken",FALSE,"Calvert, Ken","CA",NA
"337",400087,4,"Crowley","Joseph",FALSE,"Crowley, Joseph","NY",NA
"338",400244,4,"LoBiondo","Frank",FALSE,"LoBiondo, Frank","NJ",NA
"339",400364,4,"Scott","Robert",FALSE,"Scott, Robert","VA",NA
"340",400366,4,"Serrano","José",FALSE,"Serrano, José","NY",NA
"341",400433,4,"Wilson","Joe",FALSE,"Wilson, Joe","SC",NA
"342",400626,4,"Price","Tom",FALSE,"Price, Tom","GA",NA
"343",400636,4,"Boustany","Charles",FALSE,"Boustany, Charles","LA",NA
"344",412293,4,"Luján","Ben",FALSE,"Luján, Ben","NM",NA
"345",412403,4,"Denham","Jeff",TRUE,"Denham, Jeff","CA",3.6
"346",412422,4,"Hultgren","Randy",FALSE,"Hultgren, Randy","IL",NA
"347",412437,4,"Huizenga","Bill",FALSE,"Huizenga, Bill","MI",NA
"348",412489,4,"Ribble","Reid",TRUE,"Ribble, Reid","WI",-3.7
"349",412510,4,"LaMalfa","Doug",FALSE,"LaMalfa, Doug","CA",NA
"350",412515,4,"Valadao","David",FALSE,"Valadao, David","CA",NA
"351",412595,4,"Kelly","Robin",FALSE,"Kelly, Robin","IL",NA
"352",400031,3,"Bishop","Timothy",TRUE,"Bishop, Timothy","NY",0.5
"353",400142,3,"Frelinghuysen","Rodney",FALSE,"Frelinghuysen, Rodney","NJ",NA
"354",400171,3,"Hastings","Doc",FALSE,"Hastings, Doc","WA",NA
"355",400255,3,"Matheson","Jim",FALSE,"Matheson, Jim","UT",NA
"356",400274,3,"Michaud","Michael",FALSE,"Michaud, Michael","ME",NA
"357",400400,3,"Terry","Lee",FALSE,"Terry, Lee","NE",NA
"358",400404,3,"Thornberry","Mac",FALSE,"Thornberry, Mac","TX",NA
"359",400411,3,"Turner","Michael",TRUE,"Turner, Michael","OH",-1.9
"360",400643,3,"Foxx","Virginia",FALSE,"Foxx, Virginia","NC",NA
"361",412255,3,"Wittman","Robert",FALSE,"Wittman, Robert","VA",NA
"362",412256,3,"Latta","Robert",FALSE,"Latta, Robert","OH",NA
"363",412270,3,"Chaffetz","Jason",FALSE,"Chaffetz, Jason","UT",NA
"364",412319,3,"Tonko","Paul",FALSE,"Tonko, Paul","NY",NA
"365",412416,3,"Woodall","Rob",FALSE,"Woodall, Rob","GA",NA
"366",412421,3,"Kinzinger","Adam",FALSE,"Kinzinger, Adam","IL",NA
"367",412434,3,"Harris","Andy",FALSE,"Harris, Andy","MD",NA
"368",412436,3,"Benishek","Dan",FALSE,"Benishek, Dan","MI",NA
"369",412462,3,"Renacci","James",FALSE,"Renacci, James","OH",NA
"370",412465,3,"Kelly","Mike",FALSE,"Kelly, Mike","PA",NA
"371",412478,3,"Black","Diane",FALSE,"Black, Diane","TN",NA
"372",412512,3,"Bera","Ami",TRUE,"Bera, Ami","CA",4
"373",412525,3,"Yoho","Ted",FALSE,"Yoho, Ted","FL",NA
"374",412546,3,"Kildee","Daniel",FALSE,"Kildee, Daniel","MI",NA
"375",412547,3,"Bentivolio","Kerry",FALSE,"Bentivolio, Kerry","MI",NA
"376",412567,3,"Bridenstine","Jim",FALSE,"Bridenstine, Jim","OK",NA
"377",400058,2,"Camp","Dave",FALSE,"Camp, Dave","MI",NA
"378",400259,2,"McCollum","Betty",FALSE,"McCollum, Betty","MN",NA
"379",400276,2,"Miller","Candice",FALSE,"Miller, Candice","MI",NA
"380",400351,2,"Ryan","Paul",TRUE,"Ryan, Paul","WI",-4.2
"381",412275,2,"Fleming","John",FALSE,"Fleming, John","LA",NA
"382",412303,2,"Paulsen","Erik",TRUE,"Paulsen, Erik","MN",0.800000000000004
"383",412309,2,"Posey","Bill",FALSE,"Posey, Bill","FL",NA
"384",412317,2,"Thompson","Glenn",FALSE,"Thompson, Glenn","PA",NA
"385",412318,2,"Titus","Dina",FALSE,"Titus, Dina","NV",NA
"386",412408,2,"Southerland","Steve",FALSE,"Southerland, Steve","FL",NA
"387",412485,2,"Griffith","H.",FALSE,"Griffith, H.","VA",NA
"388",412498,2,"Hahn","Janice",FALSE,"Hahn, Janice","CA",NA
"389",412520,2,"Takano","Mark",FALSE,"Takano, Mark","CA",NA
"390",412521,2,"Lowenthal","Alan",FALSE,"Lowenthal, Alan","CA",NA
"391",412541,2,"Barr","Garland",FALSE,"Barr, Garland","KY",NA
"392",412575,2,"O'Rourke","Beto",FALSE,"O'Rourke, Beto","TX",NA
"393",412596,2,"Smith","Jason",FALSE,"Smith, Jason","MO",NA
"394",400036,1,"Boehner","John",FALSE,"Boehner, John","OH",NA
"395",400061,1,"Capito","Shelley",FALSE,"Capito, Shelley","WV",NA
"396",400071,1,"Chabot","Steve",FALSE,"Chabot, Steve","OH",NA
"397",400224,1,"Kline","John",TRUE,"Kline, John","MN",0.100000000000001
"398",400238,1,"Levin","Sander",FALSE,"Levin, Sander","MI",NA
"399",400246,1,"Lowey","Nita",FALSE,"Lowey, Nita","NY",NA
"400",400273,1,"Mica","John",TRUE,"Mica, John","FL",-4.7
"401",400660,1,"Reichert","David",TRUE,"Reichert, David","WA",1.6
"402",412284,1,"Jenkins","Lynn",FALSE,"Jenkins, Lynn","KS",NA
"403",412460,1,"Johnson","Bill",FALSE,"Johnson, Bill","OH",NA
"404",412501,1,"Bonamici","Suzanne",FALSE,"Bonamici, Suzanne","OR",NA
"405",412503,1,"Massie","Thomas",FALSE,"Massie, Thomas","KY",NA
"406",412505,1,"DelBene","Suzan",FALSE,"DelBene, Suzan","WA",NA
"407",412514,1,"Swalwell","Eric",FALSE,"Swalwell, Eric","CA",NA
"408",412516,1,"Brownley","Julia",FALSE,"Brownley, Julia","CA",NA
"409",412526,1,"DeSantis","Ron",FALSE,"DeSantis, Ron","FL",NA
"410",412534,1,"Schneider","Bradley",FALSE,"Schneider, Bradley","IL",NA
"411",412570,1,"Rothfus","Keith",FALSE,"Rothfus, Keith","PA",NA
"412",412585,1,"Pocan","Mark",FALSE,"Pocan, Mark","WI",NA
"413",400234,0,"Latham","Tom",TRUE,"Latham, Tom","IA",4.2
"414",400318,0,"Petri","Thomas",FALSE,"Petri, Thomas","WI",NA
"415",400326,0,"Price","David",FALSE,"Price, David","NC",NA
"416",400414,0,"Upton","Fred",TRUE,"Upton, Fred","MI",-1.40000000000001
"417",400419,0,"Walden","Greg",FALSE,"Walden, Greg","OR",NA
"418",400628,0,"Barrow","John",FALSE,"Barrow, John","GA",NA
"419",400648,0,"Dent","Charles",TRUE,"Dent, Charles","PA",-2.9
"420",400657,0,"Cuellar","Henry",FALSE,"Cuellar, Henry","TX",NA
"421",412190,0,"McCarthy","Kevin",FALSE,"McCarthy, Kevin","CA",NA
"422",412278,0,"Guthrie","Brett",FALSE,"Guthrie, Brett","KY",NA
"423",412290,0,"Lance","Leonard",FALSE,"Lance, Leonard","NJ",NA
"424",412295,0,"McClintock","Tom",FALSE,"McClintock, Tom","CA",NA
"425",412401,0,"Griffin","Tim",FALSE,"Griffin, Tim","AR",NA
"426",412402,0,"Womack","Steve",FALSE,"Womack, Steve","AR",NA
"427",412411,0,"Ross","Dennis",FALSE,"Ross, Dennis","FL",NA
"428",412438,0,"Amash","Justin",FALSE,"Amash, Justin","MI",NA
"429",412445,0,"Long","Billy",FALSE,"Long, Billy","MO",NA
"430",412446,0,"Heck","Joseph",TRUE,"Heck, Joseph","NV",0.8
"431",412466,0,"Meehan","Patrick",TRUE,"Meehan, Patrick","PA",-1.9
"432",412472,0,"Duncan","Jeff",FALSE,"Duncan, Jeff","SC",NA
"433",412482,0,"Farenthold","Blake",FALSE,"Farenthold, Blake","TX",NA
"434",412487,0,"McKinley","David",FALSE,"McKinley, David","WV",NA
"435",412539,0,"Brooks","Susan",FALSE,"Brooks, Susan","IN",NA
"436",412583,0,"Kilmer","Derek",FALSE,"Kilmer, Derek","WA",NA
